id,url,id2
picture1,https://raw.githubusercontent.com/kampax/images/main/aiguestortes_1_305824_986524337237872640_image_DbDWp6FWkAAWOI-.jpg,aiguestortes_1_305824_986524337237872640_image_DbDWp6FWkAAWOI-
picture2,https://raw.githubusercontent.com/kampax/images/main/aiguestortes_1_315868_638358142074658816_image_CNvnWRLWwAEUTXZ.jpg,aiguestortes_1_315868_638358142074658816_image_CNvnWRLWwAEUTXZ
picture3,https://raw.githubusercontent.com/kampax/images/main/aiguestortes_4_181429_633749828049113088_image_CMuIGFsUEAEExd8.jpg,aiguestortes_4_181429_633749828049113088_image_CMuIGFsUEAEExd8
picture4,https://raw.githubusercontent.com/kampax/images/main/aiguestortes_4_198185_569492170266312704_image_B-c-HImIEAAj5iQ.jpg,aiguestortes_4_198185_569492170266312704_image_B-c-HImIEAAj5iQ
picture5,https://raw.githubusercontent.com/kampax/images/main/aiguestortes_4_388116_553208842440687617_image_B61keOfIEAATLOW.jpg,aiguestortes_4_388116_553208842440687617_image_B61keOfIEAATLOW
picture6,https://raw.githubusercontent.com/kampax/images/main/aiguestortes_5_156147_698160093548908544_image_CbBc5-yWIAAaFlv.jpg,aiguestortes_5_156147_698160093548908544_image_CbBc5-yWIAAaFlv
picture7,https://raw.githubusercontent.com/kampax/images/main/aiguestortes_5_161123_1456855885117018116_image_FDfKtT1XIAME5ZW.jpg,aiguestortes_5_161123_1456855885117018116_image_FDfKtT1XIAME5ZW
picture8,https://raw.githubusercontent.com/kampax/images/main/aiguestortes_5_373178_578987404184416256_image_CAj5-fWXEAAJRrD.jpg,aiguestortes_5_373178_578987404184416256_image_CAj5-fWXEAAJRrD
picture9,https://raw.githubusercontent.com/kampax/images/main/aiguestortes_6_211060_633983260507422721_image_CMxcZCCWsAAfitk.jpg,aiguestortes_6_211060_633983260507422721_image_CMxcZCCWsAAfitk
picture10,https://raw.githubusercontent.com/kampax/images/main/aiguestortes_6_295543_568100229486137346_image_B-JMBx_IAAA19eu.jpg,aiguestortes_6_295543_568100229486137346_image_B-JMBx_IAAA19eu
picture11,https://raw.githubusercontent.com/kampax/images/main/aiguestortes_6_407519_573760506370072576_image_B_ZoIjNWIAARGx1.jpg,aiguestortes_6_407519_573760506370072576_image_B_ZoIjNWIAARGx1
picture12,https://raw.githubusercontent.com/kampax/images/main/aiguestortes_7_190458_574575562401914881_image_B_lNZlHWcAAa_v4.jpg,aiguestortes_7_190458_574575562401914881_image_B_lNZlHWcAAa_v4
picture13,https://raw.githubusercontent.com/kampax/images/main/aiguestortes_7_311840_583677356990144513_image_CBmjaoeW4AAwmlk.jpg,aiguestortes_7_311840_583677356990144513_image_CBmjaoeW4AAwmlk
picture14,https://raw.githubusercontent.com/kampax/images/main/aiguestortes_7_384043_564490370999140352_image_B9V4_hUIYAEXgm9.jpg,aiguestortes_7_384043_564490370999140352_image_B9V4_hUIYAEXgm9
picture15,https://raw.githubusercontent.com/kampax/images/main/granada_705501_705501_551467161735413761_image_B6c0danIgAAzUcq.jpg,granada_705501_705501_551467161735413761_image_B6c0danIgAAzUcq
picture16,https://raw.githubusercontent.com/kampax/images/main/guadarrama_1_269902_1046337535985815552_image_DoVWb4uXcAAeAtV.jpg,guadarrama_1_269902_1046337535985815552_image_DoVWb4uXcAAeAtV
picture17,https://raw.githubusercontent.com/kampax/images/main/guadarrama_1_313604_895948878427688960_image_DG8MwR0WAAIOxwv.jpg,guadarrama_1_313604_895948878427688960_image_DG8MwR0WAAIOxwv
picture18,https://raw.githubusercontent.com/kampax/images/main/guadarrama_1_319204_550967204590927872_image_B6VtwNTIMAAzeDh.jpg,guadarrama_1_319204_550967204590927872_image_B6VtwNTIMAAzeDh
picture19,https://raw.githubusercontent.com/kampax/images/main/guadarrama_2_265896_585926830265344001_image_CCGhV2xW0AEtoSX.jpg,guadarrama_2_265896_585926830265344001_image_CCGhV2xW0AEtoSX
picture20,https://raw.githubusercontent.com/kampax/images/main/guadarrama_2_266816_1030365830138277888_image_DkyYOJYX4AE7YEO.jpg,guadarrama_2_266816_1030365830138277888_image_DkyYOJYX4AE7YEO
picture21,https://raw.githubusercontent.com/kampax/images/main/guadarrama_2_398378_555705760370671616_image_B7ZDbs8CIAAVMo8.jpg,guadarrama_2_398378_555705760370671616_image_B7ZDbs8CIAAVMo8
picture22,https://raw.githubusercontent.com/kampax/images/main/guadarrama_3_283781_599554058853216256_image_CFILPWdWEAAlgNt.jpg,guadarrama_3_283781_599554058853216256_image_CFILPWdWEAAlgNt
picture23,https://raw.githubusercontent.com/kampax/images/main/guadarrama_3_327472_1402845783993503745_image_E3foziZWEAMF1Nc.jpg,guadarrama_3_327472_1402845783993503745_image_E3foziZWEAMF1Nc
picture24,https://raw.githubusercontent.com/kampax/images/main/guadarrama_4_152562_586283145684770817_image_CCLlZ_RW0AIqx3H.jpg,guadarrama_4_152562_586283145684770817_image_CCLlZ_RW0AIqx3H
picture25,https://raw.githubusercontent.com/kampax/images/main/guadarrama_4_175929_594660118182105088_image_CECoNCmWIAAPqyB.jpg,guadarrama_4_175929_594660118182105088_image_CECoNCmWIAAPqyB
picture26,https://raw.githubusercontent.com/kampax/images/main/guadarrama_4_440277_584078871101833216_image_CBsQo3XW4AEv6m6.jpg,guadarrama_4_440277_584078871101833216_image_CBsQo3XW4AEv6m6
picture27,https://raw.githubusercontent.com/kampax/images/main/guadarrama_5_301739_560195897951535105_image_B8Y3MXjCEAE9Q_c.jpg,guadarrama_5_301739_560195897951535105_image_B8Y3MXjCEAE9Q_c
picture28,https://raw.githubusercontent.com/kampax/images/main/guadarrama_5_572639_604219084004315136_image_CGKeDBWWkAA2iDV.jpg,guadarrama_5_572639_604219084004315136_image_CGKeDBWWkAA2iDV
picture29,https://raw.githubusercontent.com/kampax/images/main/guadarrama_5_71587_1389909859110359043_image_E0nzpefUYAQuKup.jpg,guadarrama_5_71587_1389909859110359043_image_E0nzpefUYAQuKup
picture30,https://raw.githubusercontent.com/kampax/images/main/guadarrama_6_185703_558588831641788417_image_B8CBgw7IEAA7vPg.jpg,guadarrama_6_185703_558588831641788417_image_B8CBgw7IEAA7vPg
picture31,https://raw.githubusercontent.com/kampax/images/main/guadarrama_6_254382_1122095051503484928_image_D5J7gLnXkAEfik-.jpg,guadarrama_6_254382_1122095051503484928_image_D5J7gLnXkAEfik-
picture32,https://raw.githubusercontent.com/kampax/images/main/guadarrama_6_264857_583612026213294080_image_CBln-GOW0AE5I7V.jpg,guadarrama_6_264857_583612026213294080_image_CBln-GOW0AE5I7V
picture33,https://raw.githubusercontent.com/kampax/images/main/guadarrama_7_147972_875809028470960129_image_DCd_qypXoAIRQVu.jpg,guadarrama_7_147972_875809028470960129_image_DCd_qypXoAIRQVu
picture34,https://raw.githubusercontent.com/kampax/images/main/guadarrama_7_320266_594961281922244609_image_CEG6H4JWgAA-DuU.jpg,guadarrama_7_320266_594961281922244609_image_CEG6H4JWgAA-DuU
picture35,https://raw.githubusercontent.com/kampax/images/main/guadarrama_7_501925_564434043136405504_image_B9VFwm5IUAE4b4U.jpg,guadarrama_7_501925_564434043136405504_image_B9VFwm5IUAE4b4U
picture36,https://raw.githubusercontent.com/kampax/images/main/ordesa_1_289664_590751896408821761_image_CDLFuEOXIAAhbM0.jpg,ordesa_1_289664_590751896408821761_image_CDLFuEOXIAAhbM0
picture37,https://raw.githubusercontent.com/kampax/images/main/ordesa_1_301475_1100141530935934977_image_D0R84ovXcAAk-Oj.jpg,ordesa_1_301475_1100141530935934977_image_D0R84ovXcAAk-Oj
picture38,https://raw.githubusercontent.com/kampax/images/main/ordesa_1_302181_1019530765972004864_image_DiYZ08kVQAA7Y_w.jpg,ordesa_1_302181_1019530765972004864_image_DiYZ08kVQAA7Y_w
picture39,https://raw.githubusercontent.com/kampax/images/main/ordesa_2_368693_897038465476505601_image_DHLrulJWsAItSMj.jpg,ordesa_2_368693_897038465476505601_image_DHLrulJWsAItSMj
picture40,https://raw.githubusercontent.com/kampax/images/main/ordesa_2_369499_583681635012452353_image_CBmnUxSWgAAzL7n.jpg,ordesa_2_369499_583681635012452353_image_CBmnUxSWgAAzL7n
picture41,https://raw.githubusercontent.com/kampax/images/main/ordesa_3_147995_617633495486177280_image_CJJGN0lWwAA5ceg.jpg,ordesa_3_147995_617633495486177280_image_CJJGN0lWwAA5ceg
picture42,https://raw.githubusercontent.com/kampax/images/main/ordesa_3_86091_629778387335270400_image_CL1sFHbWwAA7zNi.jpg,ordesa_3_86091_629778387335270400_image_CL1sFHbWwAA7zNi
picture43,https://raw.githubusercontent.com/kampax/images/main/ordesa_4_204217_746805762157051905_image_Cl0v4aqWQAAFWH5.jpg,ordesa_4_204217_746805762157051905_image_Cl0v4aqWQAAFWH5
picture44,https://raw.githubusercontent.com/kampax/images/main/ordesa_4_277252_734477658243891200_image_CjFjhRvWUAAs3bD.jpg,ordesa_4_277252_734477658243891200_image_CjFjhRvWUAAs3bD
picture45,https://raw.githubusercontent.com/kampax/images/main/ordesa_4_408488_583187083499565056_image_CBfldg-WQAA2Y_G.jpg,ordesa_4_408488_583187083499565056_image_CBfldg-WQAA2Y_G
picture46,https://raw.githubusercontent.com/kampax/images/main/ordesa_5_272594_561837921112563712_image_B8wMkp3CUAADpvE.jpg,ordesa_5_272594_561837921112563712_image_B8wMkp3CUAADpvE
picture47,https://raw.githubusercontent.com/kampax/images/main/ordesa_5_434940_1478924656228937728_image_FIYyIVvX0AQTOsV.jpg,ordesa_5_434940_1478924656228937728_image_FIYyIVvX0AQTOsV
picture48,https://raw.githubusercontent.com/kampax/images/main/ordesa_5_456337_1484273306224271363_image_FJkytMbWQAgjz8s.jpg,ordesa_5_456337_1484273306224271363_image_FJkytMbWQAgjz8s
picture49,https://raw.githubusercontent.com/kampax/images/main/ordesa_7_104598_1256241821384085504_image_EW8RR1hXkAAxGVz.jpg,ordesa_7_104598_1256241821384085504_image_EW8RR1hXkAAxGVz
picture50,https://raw.githubusercontent.com/kampax/images/main/ordesa_7_203483_562510146317074433_image_B85v_CDIgAAZfG0.jpg,ordesa_7_203483_562510146317074433_image_B85v_CDIgAAZfG0
picture51,https://raw.githubusercontent.com/kampax/images/main/ordesa_7_365198_629726064089165825_image_CL08dkiWsAAHNTz.jpg,ordesa_7_365198_629726064089165825_image_CL08dkiWsAAHNTz
picture52,https://raw.githubusercontent.com/kampax/images/main/peneda_1_280075_1056938973203968002_image_DqsAZSpXgAAGjzX.jpg,peneda_1_280075_1056938973203968002_image_DqsAZSpXgAAGjzX
picture53,https://raw.githubusercontent.com/kampax/images/main/peneda_1_362919_897484777741221888_image_DHSBoCdXoAAvUF6.jpg,peneda_1_362919_897484777741221888_image_DHSBoCdXoAAvUF6
picture54,https://raw.githubusercontent.com/kampax/images/main/peneda_1_393103_724518530838835200_image_Cg4Bw21WsAAWr_d.jpg,peneda_1_393103_724518530838835200_image_Cg4Bw21WsAAWr_d
picture55,https://raw.githubusercontent.com/kampax/images/main/peneda_2_191020_834079053263028224_image_C5M-eg0XUAE0RUD.jpg,peneda_2_191020_834079053263028224_image_C5M-eg0XUAE0RUD
picture56,https://raw.githubusercontent.com/kampax/images/main/peneda_2_199984_630364092520382464_image_CL-AzV-WEAA49Wf.jpg,peneda_2_199984_630364092520382464_image_CL-AzV-WEAA49Wf
picture57,https://raw.githubusercontent.com/kampax/images/main/peneda_2_304908_962789560722870274_image_DVyEAGnXUAETsiA.jpg,peneda_2_304908_962789560722870274_image_DVyEAGnXUAETsiA
picture58,https://raw.githubusercontent.com/kampax/images/main/peneda_3_138911_597712157409726464_image_CEt_77mWoAAc1Jy.jpg,peneda_3_138911_597712157409726464_image_CEt_77mWoAAc1Jy
picture59,https://raw.githubusercontent.com/kampax/images/main/peneda_3_147936_570375699082698752_image_B-phrJwWsAENjUp.jpg,peneda_3_147936_570375699082698752_image_B-phrJwWsAENjUp
picture60,https://raw.githubusercontent.com/kampax/images/main/peneda_3_285141_590932659590815746_image_CDNqGzwWIAARsw3.jpg,peneda_3_285141_590932659590815746_image_CDNqGzwWIAARsw3
picture61,https://raw.githubusercontent.com/kampax/images/main/peneda_4_377729_644655920333651968_image_CPJHJNkWoAABEpn.jpg,peneda_4_377729_644655920333651968_image_CPJHJNkWoAABEpn
picture62,https://raw.githubusercontent.com/kampax/images/main/peneda_4_427190_959941543418359809_image_DVJlvs5W0AEH9iJ.jpg,peneda_4_427190_959941543418359809_image_DVJlvs5W0AEH9iJ
picture63,https://raw.githubusercontent.com/kampax/images/main/peneda_5_83053_634106047427399680_image_CMzMFiKWoAAAZfu.jpg,peneda_5_83053_634106047427399680_image_CMzMFiKWoAAAZfu
picture64,https://raw.githubusercontent.com/kampax/images/main/peneda_5_86655_1161372166534774784_image_EB4F0nWXkAAsOvu.jpg,peneda_5_86655_1161372166534774784_image_EB4F0nWXkAAsOvu
picture65,https://raw.githubusercontent.com/kampax/images/main/peneda_5_92049_633069736159498241_image_CMkdib5WUAAWv9a.jpg,peneda_5_92049_633069736159498241_image_CMkdib5WUAAWv9a
picture66,https://raw.githubusercontent.com/kampax/images/main/peneda_6_260462_551828162280443904_image_B6h8xJvCAAAW1N0.jpg,peneda_6_260462_551828162280443904_image_B6h8xJvCAAAW1N0
picture67,https://raw.githubusercontent.com/kampax/images/main/peneda_6_353987_552538895259549697_image_B6sDMVLIMAEsUCd.jpg,peneda_6_353987_552538895259549697_image_B6sDMVLIMAEsUCd
picture68,https://raw.githubusercontent.com/kampax/images/main/peneda_6_407389_840838614841991168_image_C6tCQmaU8AIAu61.jpg,peneda_6_407389_840838614841991168_image_C6tCQmaU8AIAu61
picture69,https://raw.githubusercontent.com/kampax/images/main/peneda_7_159299_572675069626994688_image_B_KM8LHWsAA35Up.jpg,peneda_7_159299_572675069626994688_image_B_KM8LHWsAA35Up
picture70,https://raw.githubusercontent.com/kampax/images/main/peneda_7_282430_585236362489700352_image_CB8tWVQW8AAJ9Re.jpg,peneda_7_282430_585236362489700352_image_CB8tWVQW8AAJ9Re
picture71,https://raw.githubusercontent.com/kampax/images/main/peneda_7_498121_1499132835008974851_image_FM39XkEUUAQ2o18.jpg,peneda_7_498121_1499132835008974851_image_FM39XkEUUAQ2o18
picture72,https://raw.githubusercontent.com/kampax/images/main/picos_1_337093_584063562076835841_image_CBsCjRJWYAA3EoC.jpg,picos_1_337093_584063562076835841_image_CBsCjRJWYAA3EoC
picture73,https://raw.githubusercontent.com/kampax/images/main/picos_1_488330_640523278512181248_image_COOYhzEWUAQkr2Y.jpg,picos_1_488330_640523278512181248_image_COOYhzEWUAQkr2Y
picture74,https://raw.githubusercontent.com/kampax/images/main/picos_1_591862_792418439474405376_image_Cv88WitW8AEhI4E.jpg,picos_1_591862_792418439474405376_image_Cv88WitW8AEhI4E
picture75,https://raw.githubusercontent.com/kampax/images/main/picos_3_234358_1380907300890636288_image_Eyn33oGW8AALXp9.jpg,picos_3_234358_1380907300890636288_image_Eyn33oGW8AALXp9
picture76,https://raw.githubusercontent.com/kampax/images/main/picos_3_60594_574984582061297664_image_B_rBZ0JU8AA6HcS.jpg,picos_3_60594_574984582061297664_image_B_rBZ0JU8AA6HcS
picture77,https://raw.githubusercontent.com/kampax/images/main/picos_3_62998_586950651072110592_image_CCVEfX1XIAAqix6.jpg,picos_3_62998_586950651072110592_image_CCVEfX1XIAAqix6
picture78,https://raw.githubusercontent.com/kampax/images/main/picos_4_256901_891285132153413636_image_DF57CXiWsAANA__.jpg,picos_4_256901_891285132153413636_image_DF57CXiWsAANA__
picture79,https://raw.githubusercontent.com/kampax/images/main/picos_4_609373_681125941012226049_image_CXPYaJZWEAEcD17.jpg,picos_4_609373_681125941012226049_image_CXPYaJZWEAEcD17
picture80,https://raw.githubusercontent.com/kampax/images/main/picos_4_631124_595535112646860800_image_CEPD_J_WIAAjvQn.jpg,picos_4_631124_595535112646860800_image_CEPD_J_WIAAjvQn
picture81,https://raw.githubusercontent.com/kampax/images/main/picos_5_339871_1356580688905043972_image_EtOK8nmXMAATSzm.jpg,picos_5_339871_1356580688905043972_image_EtOK8nmXMAATSzm
picture82,https://raw.githubusercontent.com/kampax/images/main/picos_5_621556_1010212109253332992_image_DgT-jzKWsAAKFo7.jpg,picos_5_621556_1010212109253332992_image_DgT-jzKWsAAKFo7
picture83,https://raw.githubusercontent.com/kampax/images/main/picos_5_659573_1150732065475837952_image_D_g4tyIX4AAXAEZ.jpg,picos_5_659573_1150732065475837952_image_D_g4tyIX4AAXAEZ
picture84,https://raw.githubusercontent.com/kampax/images/main/picos_6_427359_592754951316709376_image_CDnjejvWIAEm-Wk.jpg,picos_6_427359_592754951316709376_image_CDnjejvWIAEm-Wk
picture85,https://raw.githubusercontent.com/kampax/images/main/picos_6_559600_1386271589524664326_image_Ez0GqdqVUAww6Ty.jpg,picos_6_559600_1386271589524664326_image_Ez0GqdqVUAww6Ty
picture86,https://raw.githubusercontent.com/kampax/images/main/picos_6_628469_763401553856323584_image_CpglpLJWgAIqJ65.jpg,picos_6_628469_763401553856323584_image_CpglpLJWgAIqJ65
picture87,https://raw.githubusercontent.com/kampax/images/main/picos_7_263504_1376910454727962632_image_ExvEwsBVcAILVdp.jpg,picos_7_263504_1376910454727962632_image_ExvEwsBVcAILVdp
picture88,https://raw.githubusercontent.com/kampax/images/main/picos_7_452276_563325113685520384_image_B9FVJVgIcAA8IiA.jpg,picos_7_452276_563325113685520384_image_B9FVJVgIcAA8IiA
picture89,https://raw.githubusercontent.com/kampax/images/main/picos_7_509894_622473941332922368_image_CKN4oJrWEAE73tC.jpg,picos_7_509894_622473941332922368_image_CKN4oJrWEAE73tC
picture90,https://raw.githubusercontent.com/kampax/images/main/sierra_nieves_1_307146_631849630272225280_image_CMTH4QXWEAA7K7E.jpg,sierra_nieves_1_307146_631849630272225280_image_CMTH4QXWEAA7K7E
picture91,https://raw.githubusercontent.com/kampax/images/main/sierra_nieves_1_360007_1366996992837083137_image_EviMg-yVEAE-xxw.jpg,sierra_nieves_1_360007_1366996992837083137_image_EviMg-yVEAE-xxw
picture92,https://raw.githubusercontent.com/kampax/images/main/sierra_nieves_1_375269_574681039118987264_image_B_mtWcCWwAACEIo.jpg,sierra_nieves_1_375269_574681039118987264_image_B_mtWcCWwAACEIo
picture93,https://raw.githubusercontent.com/kampax/images/main/sierra_nieves_2_288376_1389162006536654848_image_E0dLevMXEAAmcOJ.jpg,sierra_nieves_2_288376_1389162006536654848_image_E0dLevMXEAAmcOJ
picture94,https://raw.githubusercontent.com/kampax/images/main/sierra_nieves_2_338026_563823537023365123_image_B9Mafp0IUAADqxg.jpg,sierra_nieves_2_338026_563823537023365123_image_B9Mafp0IUAADqxg
picture95,https://raw.githubusercontent.com/kampax/images/main/sierra_nieves_2_349985_577474401639223296_image_CAOZ5kaUMAAF7-A.jpg,sierra_nieves_2_349985_577474401639223296_image_CAOZ5kaUMAAF7-A
picture96,https://raw.githubusercontent.com/kampax/images/main/sierra_nieves_3_170110_584700173210820608_image_CB1FXkIW0AEsO7B.jpg,sierra_nieves_3_170110_584700173210820608_image_CB1FXkIW0AEsO7B
picture97,https://raw.githubusercontent.com/kampax/images/main/sierra_nieves_3_236854_1389441686493831172_image_E0hJ2PLVkAMCpMI.jpg,sierra_nieves_3_236854_1389441686493831172_image_E0hJ2PLVkAMCpMI
picture98,https://raw.githubusercontent.com/kampax/images/main/sierra_nieves_3_427214_611303284230504448_image_CHvJFjnWEAAeJGV.jpg,sierra_nieves_3_427214_611303284230504448_image_CHvJFjnWEAAeJGV
picture99,https://raw.githubusercontent.com/kampax/images/main/sierra_nieves_4_294935_820557424637673474_image_C2M0n17WgAglXE1.jpg,sierra_nieves_4_294935_820557424637673474_image_C2M0n17WgAglXE1
picture100,https://raw.githubusercontent.com/kampax/images/main/sierra_nieves_4_326843_560759121859715072_image_B8g3cz8CUAAZnxg.jpg,sierra_nieves_4_326843_560759121859715072_image_B8g3cz8CUAAZnxg
picture101,https://raw.githubusercontent.com/kampax/images/main/sierra_nieves_4_327567_551495071083012097_image_B6dN1LTIQAAb_nF.jpg,sierra_nieves_4_327567_551495071083012097_image_B6dN1LTIQAAb_nF
picture102,https://raw.githubusercontent.com/kampax/images/main/sierra_nieves_5_279047_568669751607742464_image_B-RSE0hIQAAIKOj.jpg,sierra_nieves_5_279047_568669751607742464_image_B-RSE0hIQAAIKOj
picture103,https://raw.githubusercontent.com/kampax/images/main/sierra_nieves_5_333387_674006007853531136_image_CVqM4w_WoAArYFw.jpg,sierra_nieves_5_333387_674006007853531136_image_CVqM4w_WoAArYFw
picture104,https://raw.githubusercontent.com/kampax/images/main/sierra_nieves_5_551362_552957746149351426_image_B6yAIzFCMAAdt5o.jpg,sierra_nieves_5_551362_552957746149351426_image_B6yAIzFCMAAdt5o
picture105,https://raw.githubusercontent.com/kampax/images/main/sierra_nieves_6_214919_570343635985702912_image_B-pEgT0W0AAcuzG.jpg,sierra_nieves_6_214919_570343635985702912_image_B-pEgT0W0AAcuzG
picture106,https://raw.githubusercontent.com/kampax/images/main/sierra_nieves_6_225028_554236284710182912_image_B7EK8OuIUAEgDqc.jpg,sierra_nieves_6_225028_554236284710182912_image_B7EK8OuIUAEgDqc
picture107,https://raw.githubusercontent.com/kampax/images/main/sierra_nieves_6_487455_665972358952390661_image_CT4CVPSWcAI9osN.jpg,sierra_nieves_6_487455_665972358952390661_image_CT4CVPSWcAI9osN
picture108,https://raw.githubusercontent.com/kampax/images/main/sierra_nieves_7_155295_579342302239449088_image_CAo8wRxWcAAlckw.jpg,sierra_nieves_7_155295_579342302239449088_image_CAo8wRxWcAAlckw
picture109,https://raw.githubusercontent.com/kampax/images/main/sierra_nieves_7_506337_1098243208960724994_image_Dz2-YMPX4AMHujK.jpg,sierra_nieves_7_506337_1098243208960724994_image_Dz2-YMPX4AMHujK
picture110,https://raw.githubusercontent.com/kampax/images/main/sierra_nieves_7_572387_832637187053084674_image_C44fG0FWEAEKZ9v.jpg,sierra_nieves_7_572387_832637187053084674_image_C44fG0FWEAEKZ9v
picture111,https://raw.githubusercontent.com/kampax/images/main/snev_1_323547_569863862461313024_image_B-iP9aJIMAAVSUj.jpg,snev_1_323547_569863862461313024_image_B-iP9aJIMAAVSUj
picture112,https://raw.githubusercontent.com/kampax/images/main/snev_1_552015_921671665582575616_image_DMpvfphW4AIrOhk.jpg,snev_1_552015_921671665582575616_image_DMpvfphW4AIrOhk
picture113,https://raw.githubusercontent.com/kampax/images/main/snev_1_628144_566648349194190848_image_B90jq9OIAAAJEWE.jpg,snev_1_628144_566648349194190848_image_B90jq9OIAAAJEWE
picture114,https://raw.githubusercontent.com/kampax/images/main/snev_2_487564_609817587917193216_image_CHaB3R1W8AAShi7.jpg,snev_2_487564_609817587917193216_image_CHaB3R1W8AAShi7
picture115,https://raw.githubusercontent.com/kampax/images/main/snev_2_824790_586470946984321025_image_CCOQNc5UsAAf64l.jpg,snev_2_824790_586470946984321025_image_CCOQNc5UsAAf64l
picture116,https://raw.githubusercontent.com/kampax/images/main/snev_3_1007143_580054117042806784_image_CAzEIy4XIAE2M0X.jpg,snev_3_1007143_580054117042806784_image_CAzEIy4XIAE2M0X
picture117,https://raw.githubusercontent.com/kampax/images/main/snev_3_120244_1077905026629152769_image_DvV84twXcAUvP-d.jpg,snev_3_120244_1077905026629152769_image_DvV84twXcAUvP-d
picture118,https://raw.githubusercontent.com/kampax/images/main/snev_3_981118_1505522096163766274_image_FOSwXhnX0AABzch.jpg,snev_3_981118_1505522096163766274_image_FOSwXhnX0AABzch
picture119,https://raw.githubusercontent.com/kampax/images/main/snev_4_1001345_1514079080689377281_image_FQMW5kvXsAYq7zV.jpg,snev_4_1001345_1514079080689377281_image_FQMW5kvXsAYq7zV
picture120,https://raw.githubusercontent.com/kampax/images/main/snev_4_187599_551467161735413761_image_B6c0danIgAAzUcq.jpg,snev_4_187599_551467161735413761_image_B6c0danIgAAzUcq
picture121,https://raw.githubusercontent.com/kampax/images/main/snev_4_781598_1539322334972084224_image_FVzFfcoWAAIQyuc.jpg,snev_4_781598_1539322334972084224_image_FVzFfcoWAAIQyuc
picture122,https://raw.githubusercontent.com/kampax/images/main/snev_5_1059089_663668575543140352_image_CTXTC4RWwAEuwkh.jpg,snev_5_1059089_663668575543140352_image_CTXTC4RWwAEuwkh
picture123,https://raw.githubusercontent.com/kampax/images/main/snev_5_1071717_572009357363306496_image_B_AvdoeWwAABmwz.jpg,snev_5_1071717_572009357363306496_image_B_AvdoeWwAABmwz
picture124,https://raw.githubusercontent.com/kampax/images/main/snev_5_278121_569084020870524929_image_B-XK5tAIMAAPjCz.jpg,snev_5_278121_569084020870524929_image_B-XK5tAIMAAPjCz
picture125,https://raw.githubusercontent.com/kampax/images/main/snev_6_172388_567783141923115008_image_B-ErvbHIIAIDCk3.jpg,snev_6_172388_567783141923115008_image_B-ErvbHIIAIDCk3
picture126,https://raw.githubusercontent.com/kampax/images/main/snev_6_173114_1110903641014222848_image_D2q4-XOXcAI6dSU.jpg,snev_6_173114_1110903641014222848_image_D2q4-XOXcAI6dSU
picture127,https://raw.githubusercontent.com/kampax/images/main/snev_6_217729_551366396098383872_image_B6bT35yIQAEFEor.jpg,snev_6_217729_551366396098383872_image_B6bT35yIQAEFEor
picture128,https://raw.githubusercontent.com/kampax/images/main/snev_7_1049423_573942029572534272_image_B_cNObFWcAAkgHU.jpg,snev_7_1049423_573942029572534272_image_B_cNObFWcAAkgHU
picture129,https://raw.githubusercontent.com/kampax/images/main/snev_7_253067_591011650809044993_image_CDOx9PfWAAABQU4.jpg,snev_7_253067_591011650809044993_image_CDOx9PfWAAABQU4
picture130,https://raw.githubusercontent.com/kampax/images/main/snev_7_851002_1381376359415521281_image_EyuielOUcAI_32Y.jpg,snev_7_851002_1381376359415521281_image_EyuielOUcAI_32Y
picture131,https://raw.githubusercontent.com/kampax/images/main/teide_1_131147_1113857266686595074_image_D3U3R8ZX4AAYu0W.jpg,teide_1_131147_1113857266686595074_image_D3U3R8ZX4AAYu0W
picture132,https://raw.githubusercontent.com/kampax/images/main/teide_1_169357_584651849560625152_image_CB0ZvpPWMAAf_YK.jpg,teide_1_169357_584651849560625152_image_CB0ZvpPWMAAf_YK
picture133,https://raw.githubusercontent.com/kampax/images/main/teide_1_189920_712979698574356480_image_CeUDPneWsAALeMZ.jpg,teide_1_189920_712979698574356480_image_CeUDPneWsAALeMZ
picture134,https://raw.githubusercontent.com/kampax/images/main/teide_4_126008_1134880175852806144_image_D7_ngXVXYAAev6K.jpg,teide_4_126008_1134880175852806144_image_D7_ngXVXYAAev6K
picture135,https://raw.githubusercontent.com/kampax/images/main/teide_4_172110_614013196802879488_image_CIVpsu-UYAA3nsi.jpg,teide_4_172110_614013196802879488_image_CIVpsu-UYAA3nsi
picture136,https://raw.githubusercontent.com/kampax/images/main/teide_4_225912_588000952122236928_image_CCj_uNBWIAA6Pg7.jpg,teide_4_225912_588000952122236928_image_CCj_uNBWIAA6Pg7
picture137,https://raw.githubusercontent.com/kampax/images/main/teide_5_223775_702271461281517569_image_Cb74I2cWEAATqjA.jpg,teide_5_223775_702271461281517569_image_Cb74I2cWEAATqjA
picture138,https://raw.githubusercontent.com/kampax/images/main/teide_5_59327_894817267380363264_image_DGsHj9rXYAAaDiz.jpg,teide_5_59327_894817267380363264_image_DGsHj9rXYAAaDiz
picture139,https://raw.githubusercontent.com/kampax/images/main/teide_5_74009_565539120542674944_image_B9ky0lzIQAEXkdP.jpg,teide_5_74009_565539120542674944_image_B9ky0lzIQAEXkdP
picture140,https://raw.githubusercontent.com/kampax/images/main/teide_6_102347_584370149958033410_image_CA5LBdDWQAAde9k.jpg,teide_6_102347_584370149958033410_image_CA5LBdDWQAAde9k
picture141,https://raw.githubusercontent.com/kampax/images/main/teide_6_117906_1215922103603662848_image_EN_Ss4FWsAAtggB.jpg,teide_6_117906_1215922103603662848_image_EN_Ss4FWsAAtggB
picture142,https://raw.githubusercontent.com/kampax/images/main/teide_6_190298_559500959639171072_image_B8O_JlLIQAAvUhM.jpg,teide_6_190298_559500959639171072_image_B8O_JlLIQAAvUhM
picture143,https://raw.githubusercontent.com/kampax/images/main/teide_7_175470_622138821703016449_image_CKJH8_HWwAQssdN.jpg,teide_7_175470_622138821703016449_image_CKJH8_HWwAQssdN
picture144,https://raw.githubusercontent.com/kampax/images/main/teide_7_56018_574187265599094784_image_B_fsQ9_WYAAhi-E.jpg,teide_7_56018_574187265599094784_image_B_fsQ9_WYAAhi-E
picture145,https://raw.githubusercontent.com/kampax/images/main/teide_7_58380_985981723468058629_image_Da7pIaUXUAAN8ia.jpg,teide_7_58380_985981723468058629_image_Da7pIaUXUAAN8ia
